Workbook
Name Slicer_Category1: #N/A
Name Slicer_Month1: #N/A

Sheet Sales_Data
A1: Oxford Coffee Co. - Sales Transactions
A3: Date | B3: Product | C3: Category | D3: Quantity | E3: Unit Price | F3: Revenue | G3: Day_of_Week | H3: Month
A4: 46023 | B4: Latte | C4: Beverage | D4: 2 | E4: 4.5 | F4: =D4*E4 -> 9 | G4: =TEXT(A4,"dddd") -> Thursday | H4: =TEXT(A4,"mmmm") -> January
A5: 46023 | B5: Croissant | C5: Bakery | D5: 1 | E5: 3.75 | F5: =D5*E5 -> 3.75 | G5: =TEXT(A5,"dddd") -> Thursday | H5: =TEXT(A5,"mmmm") -> January
A6: 46023 | B6: Americano | C6: Beverage | D6: 4 | E6: 3.5 | F6: =D6*E6 -> 14 | G6: =TEXT(A6,"dddd") -> Thursday | H6: =TEXT(A6,"mmmm") -> January
A7: 46024 | B7: Sandwich | C7: Food | D7: 3 | E7: 6.5 | F7: =D7*E7 -> 19.5 | G7: =TEXT(A7,"dddd") -> Friday | H7: =TEXT(A7,"mmmm") -> January
A8: 46024 | B8: Smoothie | C8: Beverage | D8: 1 | E8: 5.5 | F8: =D8*E8 -> 5.5 | G8: =TEXT(A8,"dddd") -> Friday | H8: =TEXT(A8,"mmmm") -> January
A9: 46024 | B9: Muffin | C9: Bakery | D9: 5 | E9: 3.25 | F9: =D9*E9 -> 16.25 | G9: =TEXT(A9,"dddd") -> Friday | H9: =TEXT(A9,"mmmm") -> January
A10: 46025 | B10: Cappuccino | C10: Beverage | D10: 2 | E10: 4.5 | F10: =D10*E10 -> 9 | G10: =TEXT(A10,"dddd") -> Saturday | H10: =TEXT(A10,"mmmm") -> January
A11: 46025 | B11: Cookie | C11: Bakery | D11: 8 | E11: 2.5 | F11: =D11*E11 -> 20 | G11: =TEXT(A11,"dddd") -> Saturday | H11: =TEXT(A11,"mmmm") -> January
A12: 46025 | B12: Iced Latte | C12: Beverage | D12: 3 | E12: 4.75 | F12: =D12*E12 -> 14.25 | G12: =TEXT(A12,"dddd") -> Saturday | H12: =TEXT(A12,"mmmm") -> January
A13: 46026 | B13: Flat White | C13: Beverage | D13: 2 | E13: 4.25 | F13: =D13*E13 -> 8.5 | G13: =TEXT(A13,"dddd") -> Sunday | H13: =TEXT(A13,"mmmm") -> January
A14: 46026 | B14: Sandwich | C14: Food | D14: 1 | E14: 6.5 | F14: =D14*E14 -> 6.5 | G14: =TEXT(A14,"dddd") -> Sunday | H14: =TEXT(A14,"mmmm") -> January
A15: 46026 | B15: Latte | C15: Beverage | D15: 6 | E15: 4.5 | F15: =D15*E15 -> 27 | G15: =TEXT(A15,"dddd") -> Sunday | H15: =TEXT(A15,"mmmm") -> January
... A480: 46181 | B480: Flat White | C480: Beverage | D480: 3 | E480: 4.25 | F480: =D480*E480 -> 12.75 | G480: =TEXT(A480,"dddd") -> Monday | H480: =TEXT(A480,"mmmm") -> June
A481: 46182 | B481: Latte | C481: Beverage | D481: 3 | E481: 4.5 | F481: 13.5 | G481: =TEXT(A481,"dddd") -> Tuesday | H481: =TEXT(A481,"mmmm") -> June
A482: 46182 | B482: Muffin | C482: Bakery | D482: 2 | E482: 3.25 | F482: 6.5 | G482: =TEXT(A482,"dddd") -> Tuesday | H482: =TEXT(A482,"mmmm") -> June
A483: 46182 | B483: Smoothie | C483: Beverage | D483: 5 | E483: 5.5 | F483: 27.5 | G483: =TEXT(A483,"dddd") -> Tuesday | H483: =TEXT(A483,"mmmm") -> June
A484: 46183 | B484: Croissant | C484: Bakery | D484: 4 | E484: 3.75 | F484: 15 | G484: =TEXT(A484,"dddd") -> Wednesday | H484: =TEXT(A484,"mmmm") -> June
A485: 46183 | B485: Sandwich | C485: Food | D485: 2 | E485: 6.5 | F485: 13 | G485: =TEXT(A485,"dddd") -> Wednesday | H485: =TEXT(A485,"mmmm") -> June
A486: 46183 | B486: Americano | C486: Beverage | D486: 1 | E486: 3.5 | F486: 3.5 | G486: =TEXT(A486,"dddd") -> Wednesday | H486: =TEXT(A486,"mmmm") -> June
A487: 46184 | B487: Flat White | C487: Beverage | D487: 4 | E487: 4.25 | F487: 17 | G487: =TEXT(A487,"dddd") -> Thursday | H487: =TEXT(A487,"mmmm") -> June
A488: 46184 | B488: Iced Latte | C488: Beverage | D488: 3 | E488: 4.75 | F488: 14.25 | G488: =TEXT(A488,"dddd") -> Thursday | H488: =TEXT(A488,"mmmm") -> June
A489: 46184 | B489: Cappuccino | C489: Beverage | D489: 5 | E489: 4.5 | F489: 22.5 | G489: =TEXT(A489,"dddd") -> Thursday | H489: =TEXT(A489,"mmmm") -> June
A490: 46185 | B490: Cookie | C490: Bakery | D490: 6 | E490: 2.5 | F490: 15 | G490: =TEXT(A490,"dddd") -> Friday | H490: =TEXT(A490,"mmmm") -> June
A491: 46185 | B491: Latte | C491: Beverage | D491: 2 | E491: 4.5 | F491: 9 | G491: =TEXT(A491,"dddd") -> Friday | H491: =TEXT(A491,"mmmm") -> June
A492: 46185 | B492: Muffin | C492: Bakery | D492: 3 | E492: 3.25 | F492: 9.75 | G492: =TEXT(A492,"dddd") -> Friday | H492: =TEXT(A492,"mmmm") -> June
... A546: 46203 | B546: Americano | C546: Beverage | D546: 4 | E546: 3.5 | F546: 14 | G546: =TEXT(A546,"dddd") -> Tuesday | H546: =TEXT(A546,"mmmm") -> June

Sheet Pivot_Tables
A1: Revenue by Month | F1: Top Products
A3: Row Labels | B3: Sum of Revenue | F3: Row Labels | G3: Sum of Revenue
A4: January | B4: 1260.5 | F4: Americano | G4: 598.5
A5: February | B5: 1170 | F5: Cappuccino | G5: 652.5
A6: March | B6: 1310.5 | F6: Cookie | G6: 1047.5
A7: April | B7: 1282 | F7: Croissant | G7: 626.25
A8: May | B8: 1342.75 | F8: Flat White | G8: 646
A9: June | B9: 1279.25 | F9: Iced Latte | G9: 769.5
A10: Grand Total | B10: 7645 | F10: Latte | G10: 742.5
F11: Muffin | G11: 510.25
F12: Sandwich | G12: 1111.5
F13: Smoothie | G13: 940.5
F14: Grand Total | G14: 7645
A17: Revenue by Category | F17: Revenue by Day of the Week
A19: Row Labels | B19: Sum of Revenue | F19: Row Labels | G19: Sum of Revenue
A20: Food | B20: 1111.5 | F20: Monday | G20: 1015.25
A21: Bakery | B21: 2184 | F21: Tuesday | G21: 1087.5
A22: Beverage | B22: 4349.5 | F22: Wednesday | G22: 986.25
A23: Grand Total | B23: 7645 | F23: Thursday | G23: 1184.25
F24: Friday | G24: 1067.75
F25: Saturday | G25: 1194.75
F26: Sunday | G26: 1109.25
F27: Grand Total | G27: 7645
A29: Daily Units Sold
A31: Row Labels | B31: Sum of Quantity
A32: 46023 | B32: 7
A33: 46024 | B33: 9
A34: 46025 | B34: 13
A35: 46026 | B35: 9
A36: 46027 | B36: 9
A37: 46028 | B37: 9
A38: 46029 | B38: 8
A39: 46030 | B39: 13
A40: 46031 | B40: 9
A41: 46032 | B41: 9
A42: 46033 | B42: 12
A43: 46034 | B43: 8
... A212: 46203 | B212: 12
A213: Grand Total | B213: 1880

Sheet Dashboard
A1: Oxford Coffee Co. Performance Dashboard 2026
A4: Total Revenue | E4: Units Sold | I4: Average Revenue Per Unit | M4: Best Selling Product | Q4: Best Month | U4: Top Category Share
A5: =GETPIVOTDATA("Revenue",Pivot_Tables!$A$3) -> 7645 | E5: =GETPIVOTDATA("Quantity",Pivot_Tables!$A$31) -> 1880 | I5: =A5/E5 -> 4.0664894 | M5: {=_xlfn.LET( _xlpm.names, _xlfn._xlws.FILTER(Pivot_Tables!F4:F13, (Pivot_Tables!F4:F13<>"Grand Total")*(Pivot_Tables!F4:F13<>"")), _xlpm.values, _xlfn._xlws.FILTER(Pivot_Tables!G4:G13, (Pivot_Tables!F4:F13<>"Grand Total")*(Pivot_Tables!F4:F13<>"")), _xlfn.XLOOKUP(MAX(_xlpm.values), _xlpm.values, _xlpm.names) )} -> Sandwich | Q5: {=_xlfn.LET(_xlpm.months, _xlfn._xlws.FILTER(Pivot_Tables!A4:A9,(Pivot_Tables!A4:A9<>"Grand Total")*(Pivot_Tables!A4:A9<>"")), _xlpm.values, _xlfn._xlws.FILTER(Pivot_Tables!B4:B9,(Pivot_Tables!A4:A9<>"Grand Total")*(Pivot_Tables!A4:A9<>"")), _xlfn.XLOOKUP(MAX(_xlpm.values),_xlpm.values, _xlpm.months) )} -> May | U5: {=_xlfn.LET(_xlpm.cats,_xlfn._xlws.FILTER(Pivot_Tables!A20:A22,(Pivot_Tables!A20:A22<>"Grand Total")*(Pivot_Tables!A20:A22<>"")), _xlpm.values,_xlfn._xlws.FILTER(Pivot_Tables!B20:B22,(Pivot_Tables!A20:A22<>"Grand Total")*(Pivot_Tables!A20:A22<>"")), _xlfn.XLOOKUP(MAX(_xlpm.values),_xlpm.values,_xlpm.cats) )} -> Beverage
M6: =GETPIVOTDATA("Revenue",Pivot_Tables!$F$3,"Product",M5) -> 1111.5 | Q6: {=MAX(_xlfn._xlws.FILTER(Pivot_Tables!B4:B9,Pivot_Tables!A4:A9<>"Grand Total"))} -> 1342.75 | U6: {=MAX(_xlfn._xlws.FILTER(Pivot_Tables!B20:B22,Pivot_Tables!A20:A22<>"Grand Total"))/A5} -> 0.56893394
T9: Oxford Coffee Co. Executive Insights
T11: ◆ Beverages account for 57% of revenue
T12: ◆ Sandwiches were the top-performing product (£1,112)
T13: ◆ May generated the highest monthly revenue (£1,343) while February generated the least (£1170)
T15: ◆ Revenue remained strongest from Thursday through Sunday
